"id","pathway_final","waves","major","t2_major","t3_major","t4_major","eid_ethnicity","gender","age","usborn","psesc1","loc01","loc02","loc03","loc04","loc05","t2_loc01","t2_loc02","t2_loc03","t2_loc04","t2_loc05","t3_loc01","t3_loc02","t3_loc03","t3_loc04","t3_loc05","t4_loc01","t4_loc02","t4_loc03","t4_loc04","t4_loc05","t1_loc","t2_loc","t3_loc","t4_loc"
"104","certain",4,"Biology society and environment","Physiology and biochemistry","Biology, Physiology and minor in Chemistry","My major is biochemistry and physiology.","Nigerian",NA,NA,0,5,4,5,3,2,4,4,5,5,3,4,5,5,5,4,4,4,5,5,3,4,3.6,4.2,4.6,4.2
"105","redirect",4,"Biochemistry.","Biology
Chemical Engineering","Chemical Engineering and Biology","Computer Science and Neuroscience","Asian",0,17,0,5,5,4,5,2,5,5,5,4,4,NA,5,4,5,4,4,4,5,5,4,4,4.2,4.5,4.4,4.4
"112","certain",3,"Elementary Education","Youth Studies","","Youth Studies","Asian American",1,18,1,4,3,4,5,3,2,4,4,4,3,3,NA,NA,NA,NA,NA,3,4,3,4,4,3.4,3.6,3.48,3.6
"115","certain",3,"Aerospace Engineering so I can fly away.","Aerospace engineering and astrophysics.","","Aerospace Engineering","A world citizen",1,18,1,2,4,4,5,2,3,4,4,2,2,3,NA,NA,NA,NA,NA,5,4,5,4,4,3.6,3,3.44,4.4
"120","certain",3,"I'm considering Mass communications and Marketing, both with a minor in Retail Merchandising.","","Comm Studies","comm studies","Black",0,17,1,4,5,5,5,5,4,NA,NA,NA,NA,NA,5,5,5,5,5,4,4,4,4,4,4.8,4.64,5,4
"123","redirect",4,"Double Major: 
Sports Management
Human Resources Management
Possible Minor: Kinesiology","Kinesiology Clinical Movement, Human Resources Development","Kinesiology","Human Resources Development","Asian American",0,18,1,4,3,4,3,3,4,3,3,3,3,3,3,3,3,3,3,3,3,3,3,3,3.4,3,3,3
"127","solidification",4,"Computer Science.","Computer Science","Computer Science","Computer Science","Yes.",1,18,1,3,2,2,2,4,2,2,4,3,2,4,2,2,3,2,4,2,5,4,1,2,2.4,3,2.6,2.8
"128","solidification",3,"Biochemistry and psychology","","Biochemistry and Psychology","Biochemistry and Psychology","asian",0,18,0,3,5,4,5,4,5,NA,NA,NA,NA,NA,5,4,5,2,4,5,5,5,5,5,4.6,4.48,4,5
"132","solidification",4,"As of now, MIS (Management Information Systems) is the focus of my major. I am considering double majoring in Accounting as well, as both majors work in unison.","MIS","Management Information Systems","Management Information Systems","Asian American",1,18,1,3,4,5,4,3,3,4,5,5,4,4,4,4,3,3,4,4,4,4,3,4,3.8,4.4,3.6,3.8
"133","certain",4,"Biomedical Engineering","Biomedical Engineering","Biomedical Engineering","Biomedical Engineering","Hispanic, Caucasian",0,18,1,4,4,5,5,2,4,4,5,5,4,5,4,4,4,2,4,3,4,5,2,4,4,4.6,3.6,3.6
"134","certain",4,"Nueroscience/Pre-Med","Neuroscience","Neuroscience","Neuroscience","Black",0,18,1,5,4,5,5,2,2,2,4,4,2,2,2,4,5,2,2,4,5,4,2,4,3.6,2.8,3,3.8
"136","solidification",4,"I would like to get a human Resources major and a piano minor.","Human Resources and Music","Human Resources, Music","HRIR & Music","half Korean half Chinese",0,18,1,5,4,4,4,3,4,3,3,3,3,3,3,3,3,3,3,3,3,3,3,3,3.8,3,3,3
"137","redirect",4,"Business","Business Management","business management education or youth studies","Youth Studies","hispanic",0,18,1,2,2,4,4,3,4,NA,NA,NA,NA,NA,3,4,4,3,5,4,4,4,4,4,3.4,3.52,3.8,4
"139","solidification",4,"I am currently undecided. But I am considering Physiology and Biology.","I am undecided as of now. But I am considering a major in Psychology.","ICP with concentrations on Life Sciences and Psychology","Life Sciences and Psychology","Asian American",0,18,1,2,5,3,5,3,5,5,4,4,4,4,5,5,5,4,4,5,4,5,5,5,4.2,4.2,4.6,4.8
"141","discovery",3,"Pre-pharmacy track with a Spanish minor. If I can't get into UMN's Pharmacy program after two years on the pre-pharm track, I am planning on changing to Chemistry, Biology, or BioChemistry and then trying again to get into the Pharmacy program.","Biology, Society, and Environment. Pre-pharmacy track.","Biology, Society, and Environment","","Okinawan",0,18,1,3,5,4,5,3,5,4,4,4,3,4,3,3,4,3,5,NA,NA,NA,NA,NA,4.4,3.8,3.6,4.12
"144","uncertain",4,"Considering Biology or French.","Considering Biology, Pre-Vet, Nutrition, French","Undecided, considering Speech-Language-Hearing Sciences, Linguistics, Psychology, or French.","I am considering: music therapy, speech therapy, French, linguistics, nutrition, psychology and biology.","Asian American",0,18,1,4,3,4,4,2,3,4,3,4,2,4,5,3,4,2,4,2,2,4,2,3,3.2,3.4,3.6,2.6
"149","redirect",4,"Journalism
Theatre Arts","I am double majoring in Theater and African and African American studies.","Professional Journalism and African American and African Studies","Journalism and African American and African Studies","African American",0,18,1,5,5,5,4,3,4,5,5,4,4,4,4,5,5,5,3,4,5,4,2,4,4.2,4.4,4.4,3.8
"150","redirect",3,"Pre-pharmacy, Chemistry","Chemistry (Pre-Pharmacy), Sociology","","Sociology","Asian American",0,20,0,1,3,4,4,3,4,5,4,4,4,4,NA,NA,NA,NA,NA,4,4,4,4,4,3.6,4.2,3.8,4
"154","redirect",4,"Elementary Education","Elementary Education","Kinesiology","Kinesiology","Asian American",0,18,1,2,2,4,5,2,3,4,4,4,2,3,4,4,5,3,3,3,5,5,3,3,3.2,3.4,3.8,3.8
"156","solidification",4,"Math, Pre-pharmacy.","Physiology","Physiology","physiology","African American",0,18,1,4,4,4,5,3,3,5,5,5,2,3,4,4,4,4,4,4,4,4,2,2,3.8,4,4,3.2
"157","redirect",4,"-Kinesiology
-Family Social Science
-Human Resource Development","Undecided between:

Human resource development
Family social science
Business marketing education","Human resource development and business marketing education","Business Marketing Education and Human Resource Development","Chinese",0,18,1,2,5,5,4,4,5,5,4,4,3,5,4,4,5,4,4,4,4,3,4,4,4.6,4.2,4.2,3.8
"160","redirect",3,"Im majoring in Kinesiology for the moment, but that may change.","Kinesiology, biology","Kinesiology","","african american",0,18,1,3,3,4,2,2,3,3,4,3,3,4,3,4,3,3,3,NA,NA,NA,NA,NA,2.8,3.4,3.2,2.96
"175","uncertain",4,"I am undecided, but I am considering nutrition as of right now.","I'm not sure. I want to shadow professionals to see what the jobs are like first before I decide...and I really don't know what I want to major in.","Undecided, but considering Family Social Science, Inter-college Program, Nursing","Family Social Science","Hmong.",0,18,0,1,3,4,4,2,3,4,3,4,3,5,3,4,5,3,4,4,3,4,3,3,3.2,3.8,3.8,3.4
"177","solidification",4,"chemical engineering","Bioproducts and Biosystems engineering","Bioproducts and Biosystems engineering","Bioproducts and Biosystems engineering","black and white",0,18,1,3,4,4,4,3,3,4,4,3,2,3,3,3,4,3,3,3,4,4,3,3,3.6,3.2,3.2,3.4
"183","discovery",4,"I am considering:
Nursing
Accounting
Art
Interpreter","I am undecided for my major but is interest in majoring in Nursing, Biochemistry, or something related to science.","Kinesiology","Kinesiology Clinical Movement","Hmong American",0,18,1,2,5,5,4,4,5,5,5,5,5,5,5,5,5,3,5,5,5,5,4,5,4.6,5,4.6,4.8
"186","solidification",4,"Biology, Physiology","undecided","Biology, Society and Environment","Biology, Society and Enviroment","Somali",0,17,0,3,4,5,5,2,4,4,4,2,2,4,4,4,3,3,4,4,4,4,4,5,4,3.2,3.6,4.2
"189","discovery",3,"Undecided, Environmental Science and Dental.","Dental Hygiene","Dental Hygiene","","Asian American",1,18,0,2,4,5,5,3,3,5,2,4,3,4,4,3,4,2,3,NA,NA,NA,NA,NA,4,3.6,3.2,3.4
"190","solidification",3,"Psychology, Pre-Med","Psychology B.S.","","Psychology B.S., Pre-Med","Asian",0,18,0,4,4,4,3,2,5,2,4,4,2,4,NA,NA,NA,NA,NA,1,4,4,1,2,3.6,3.2,3.12,2.4
"197","redirect",4,"Civil Engineering","Engineering Field","ESPM","Informational Technology","Ethiopian",1,19,0,2,4,3,5,3,4,4,4,5,3,4,NA,NA,NA,NA,NA,4,3,3,3,3,3.8,4,3.48,3.2
"199","redirect",3,"Bio-Chem","","Biology, Society, & Environment","Biology, Society & Environment","Haitian",0,18,1,2,3,4,4,4,3,NA,NA,NA,NA,NA,4,4,5,2,4,4,4,5,2,4,3.6,3.68,3.8,3.8
"200","solidification",4,"Biochemistry","Psychology
Biochemistry
Cultural Studies
History","Biochemistry","Biochemistry","African American",1,18,1,1,5,5,5,4,5,5,5,5,5,5,5,4,4,3,3,5,4,5,5,4,4.8,5,3.8,4.6
"206","discovery",3,"I am undecided, but I am considering international business, accounting and finance, or marketing.","Undecided, considering Management Information Sciences, International Management, Supply Chain Operations.","","Management Information Systems","Asian American",0,18,1,2,3,4,4,1,4,4,5,5,1,4,NA,NA,NA,NA,NA,3,4,3,2,4,3.2,3.8,3.6,3.2
"208","solidification",4,"Nursing","Nursing hopeful
French and Spanish minors","Nursing","Nursing","",0,18,1,4,4,4,4,1,4,2,4,4,1,4,3,5,4,1,4,2,4,3,1,4,3.4,3,3.4,2.8
"211","certain",4,"Psychology.","Psychology","Psychology","Psychology","Asian American",0,20,0,3,4,4,4,2,3,2,3,4,2,3,2,4,4,2,3,4,4,5,2,4,3.4,2.8,3,3.8
"215","redirect",4,"Bioproducts Engineering.","Intending to enter Inter-College Program for dual degree with three emphasises: CSOM Business, Global Studies, Retail Merchandising.","Marketing, Retail Merchandising, Global Studies (Inter-College Program)","Marketing, Retail Merchandising, Global Studies (Inter-College Program)","Chinese",0,18,1,3,5,4,5,5,4,4,4,5,2,3,5,3,5,4,4,5,4,5,5,4,4.6,3.6,4.2,4.6
"220","uncertain",4,"Agricultural and Food Business Management","Agricultural and Food Business Management (AFBM)","Food Business Management","Business","Chicago-American",1,18,1,2,5,4,3,5,4,2,3,3,3,3,3,3,3,3,3,3,3,3,3,3,4.2,2.8,3,3
"222","solidification",4,"science & medical related possibly kinesiology","Kinesiology","Kinesiology","Kinesiology","Chinese American",0,18,1,3,4,4,4,4,4,4,4,4,3,4,5,4,4,4,4,5,4,4,4,5,4,3.8,4.2,4.4
"225","redirect",4,"Nursing, biology, neuroscience","Nursing if I am accepted into the nursing college
Microbiology if not","Microbiology","Microbiology","Mexican",0,18,1,4,4,4,4,2,3,4,4,5,1,4,2,4,4,1,3,3,4,5,2,4,3.4,3.6,2.8,3.6
"226","redirect",4,"Biomedical Engineering","Chemical Engineering","Material Science and Engineering","Materials Science and Engineering","Asian American, Chinese",0,18,1,5,4,4,5,2,3,4,4,5,3,4,4,4,4,4,4,4,3,4,3,4,3.6,4,4,3.6
"228","certain",4,"Nurtrition","Nutrition.","Nutritional Science","Nutritional Science","Chinese",0,20,0,3,5,4,5,5,4,4,4,5,5,3,2,3,3,3,4,4,3,4,4,2,4.6,4.2,3,3.4
"230","certain",4,"Mechanical Engineering.","Mechanical Engineering","Mechanical Engineering","Mechanical Engineering","Black/African American",0,16,0,5,4,4,4,4,2,4,4,4,3,3,4,4,4,2,3,4,4,4,3,3,3.6,3.6,3.4,3.6
"233","discovery",4,"I am undecided but am looking to apply to Carlson School of Business this spring. I am considering accounting and international business, as well marketing or finance.","Perspectively accounting and international business, but that can easily change.","Undecided - Accounting","Accounting","Asian American",0,18,1,2,3,4,4,3,4,3,4,3,3,3,4,3,3,3,3,4,4,3,3,4,3.6,3.2,3.2,3.6
"234","certain",4,"Biomedical Engineering going pre-med.","Biomedical Engineering, but if CSE doesn't accept me again next year, possibly neuroscience.","Biomedical Engineering","Biomedical engineering","Asian American",0,17,0,4,5,4,4,3,5,4,4,3,3,5,5,5,5,4,5,5,5,5,5,5,4.2,3.8,4.8,5
"238","redirect",4,"Materials Science & Engineering
Possible minor in Chemistry","Materials Science & Engineering","Chemistry","Chemistry","Asian",0,18,1,4,4,3,4,1,3,4,3,4,2,4,4,3,5,1,4,2,4,5,1,4,3,3.4,3.4,3.2
"240","solidification",4,"something within CBS relating to biology, except plant bio, and evolution.","Neuroscience major, with a minor in asian languages and literature","Biology, Japanese","Biology, Japanese","asian american",0,18,1,3,3,5,4,4,4,4,4,5,2,4,3,4,5,2,5,4,5,5,2,4,4,3.8,3.8,4
"242","certain",4,"I am considering majoring in Biology","I am intending to major in Biology, Society, and Environment (B.S.E)","Biology, Society, and Environment (B.S.E.)","Biology, Society, and Environment; Asian Languages and Literatures","Taiwanese American",0,18,1,4,4,4,4,2,4,4,4,4,3,4,4,4,4,2,3,4,4,4,3,4,3.6,3.8,3.4,3.8
"243","uncertain",4,"Considering business marketing, youth studies, psychology and engineering.","Undecided, but thinking about sports management, marketing, architecture and pharmacy","business and marketing education","Business and Marketing Education","Filipina",0,18,1,2,5,3,3,3,2,5,4,3,3,3,4,4,4,3,3,4,5,4,2,3,3.2,3.6,3.6,3.6
"244","redirect",4,"chemical engineering","material science and engineering","materials science and engineering","materials science and engineering","chinese",0,18,0,4,4,3,5,3,5,4,4,4,4,4,4,4,4,4,5,3,2,3,3,4,4,4,4.2,3
"245","uncertain",3,"I am undecided but at the moment I am leaning towards psychology and environmental sciences.  As a part of phsycology, I want to study child developement. The third possible major choice is Urban Studies.","Undecided but considering Math and Finance or Psychology","Environmental Science","","Asian American/ Hmong",0,18,1,1,5,3,4,2,4,5,3,5,2,5,4,3,5,2,5,NA,NA,NA,NA,NA,3.6,4,3.8,3.76
"250","certain",3,"Nursing","","Nursing","Nursing","Native American and White",0,19,1,3,5,5,5,5,5,NA,NA,NA,NA,NA,NA,NA,NA,NA,NA,4,4,5,4,4,5,4.72,4.28,4.2
"255","uncertain",3,"English, Anthropology, Youth Studies, Social Studies","","BIS - Urban Studies, Communications, Social Justice  double major with Youth Studies","BIS Urban Studies, Youth Studies, Comm","Taiwanese American",0,18,1,4,5,4,3,2,2,NA,NA,NA,NA,NA,2,5,4,2,4,2,4,4,3,3,3.2,3.36,3.4,3.2
"258","certain",3,"Chemical Engineering","Chemical Engineering","","Chemical Engineering","Mexican and American",1,18,1,3,5,3,1,5,3,4,4,3,3,4,NA,NA,NA,NA,NA,4,4,3,2,3,3.4,3.6,3.2,3.2
"259","solidification",4,"Physiology","Physiology , Nursing, Bio Medical Engineering","Physiology and pre nursing","Physiology","Latino",0,19,0,2,5,4,4,5,4,5,3,4,4,4,3,4,4,3,3,4,5,4,3,4,4.4,4,3.4,4
"262","solidification",4,"Political Science, Global Studies or business","Political science with business and a Spanish minor","Political Science","Political Science","Mexican American",0,18,1,1,4,4,4,3,4,4,4,4,3,4,4,4,4,4,4,2,4,4,2,2,3.8,3.8,4,2.8
"280","certain",4,"I intend to be a chemistry major.","Biology, Society, and Environment.","BSE","Biology, Society, and Environment","African American",0,18,1,4,5,4,5,4,5,4,4,5,2,4,4,4,4,3,4,4,4,4,3,4,4.6,3.8,3.8,3.8
"285","solidification",4,"I am officially undecided, but I will probably major in chemistry. I want to minor in Spanish.","I am still undecided but wish to be considered pre-med. I am considering physiology and chemistry. I plan to minor in Spanish studies.","Physiology","Physiology","White",0,18,1,4,4,5,4,4,4,5,5,4,4,4,5,5,4,3,4,5,5,4,4,4,4.2,4.4,4.2,4.4
"286","discovery",4,"I am currently undecided, but majors that I'm considering include linguistics, a language, English, or possibly even a Bachelor of Individualized Studies.","I am still undecided and undeclared, but I am considering a double major in Linguistics and SLHS (the Speech, Language, and Hearing Sciences).","Linguistics and SLHS (Speech, Language, and Hearing Sciences)","Linguistics and the Speech, Language, and Hearing Sciences (SLHS)","Hmong",0,18,1,2,5,4,5,2,5,5,4,4,3,5,5,5,5,4,4,5,5,4,2,5,4.2,4.2,4.6,4.2
"303","certain",3,"Physics (considering an emphasis in Engineering)","","Physics","Physics","Filipino",0,18,1,2,4,4,5,3,4,NA,NA,NA,NA,NA,4,4,3,3,3,3,5,3,3,4,4,3.8,3.4,3.6
"305","certain",3,"Neuroscience","Neuroscience","Neuroscience","","Asian American",0,18,1,1,5,4,4,3,4,5,5,5,4,NA,5,4,4,1,4,NA,NA,NA,NA,NA,4,4.75,3.6,4.24
"313","solidification",3,"Accountant and engineering.","Computer engineering, mathematics, electrical engineering, mechanical engineering.","","Mathematics","Asian",1,18,1,1,4,3,2,2,3,NA,NA,NA,NA,NA,NA,NA,NA,NA,NA,3,3,3,2,3,2.8,3.04,2.72,2.8
"328","discovery",4,"I would like to do the create your own major program and integrate Psychology, Criminal Justice, and Linguistics with a focus in Arabic.","Psychology and Linguistics. Also a minor in Spanish.","Psychology and Linguistics","Psychology and Linguistics","European",0,19,1,4,4,4,3,2,4,3,4,4,1,3,4,5,4,2,4,4,5,4,2,4,3.4,3,3.8,3.8
"341","solidification",3,"Political Science","I am thinking about studying political science or sociology.","Political Science/Sociology","","Nigerian American",0,18,1,5,4,5,4,2,NA,5,5,5,2,5,4,5,5,3,2,NA,NA,NA,NA,NA,3.75,4.4,3.8,3.92
"345","uncertain",4,"I am considering Computer science, but because it is not too much of an interest of mine, I plan to rather try majoring in an Asian language and having a graduate degree in Optometry. However, this is not completely certain.","I am undecided but I am considering Chinese (East Asian Studies), Mathematics, English, Acting, Music(choral), or Astrophysics.","Considering ALL specified in Korean with a possible teaching degree or ESL degree/ undecided Minor","ALL-subplan Korean","Asian",0,17,0,4,4,3,4,3,3,4,3,3,3,3,4,4,3,3,4,4,4,3,2,4,3.4,3.2,3.6,3.4
"362","certain",3,"Spanish, and maybe a major in English or Journalism","","Linguistics and Spanish","Spanish","Asian-American",0,18,1,1,4,4,5,4,5,NA,NA,NA,NA,NA,4,4,4,3,3,3,4,4,3,3,4.4,3.68,3.6,3.4
"365","certain",4,"considering: psychology","B.S. Psychology","BS Psychology","Psychology","Filipino",0,18,1,3,5,4,4,2,3,4,4,2,3,2,2,2,2,2,3,2,4,3,2,2,3.6,3,2.2,2.6
"368","certain",3,"Civil engineering, structural or mechanical engineering","I am undecided, but i am thinking on something in the engineering field","","Mechanical Engineering","Hispanic",1,18,1,1,4,5,4,3,5,4,5,5,4,3,NA,NA,NA,NA,NA,4,5,4,3,4,4.2,4.2,4.28,4
"386","certain",4,"Communications studies, Political Science, global studies","Political Science","Political science","Political Science","Asian",0,18,0,2,4,4,5,3,3,4,4,5,4,5,5,5,5,5,5,4,4,4,4,4,3.8,4.4,5,4
"401","solidification",3,"Chemistry, Education, Psychology (Educational)","I am undecided but have been looking into chemistry (biochemistry more specifically).","Chemistry","","Native American",0,18,1,2,4,4,4,5,3,4,4,5,4,3,5,4,5,4,4,NA,NA,NA,NA,NA,4,4,4.4,3.84
"402","certain",3,"International Business. Considering MIS","Management Information Systems, International Business, Marketing, Supply Chain and Operations","","Marketing, Management Information Systems (MIS)","Asian",0,18,1,4,5,4,5,2,5,5,4,5,2,5,NA,NA,NA,NA,NA,4,4,5,2,5,4.2,4.2,4.16,4
"407","certain",4,"Computer Science","My major is Computer Science.","Computer Science","Computer Science","Filipino",1,18,0,3,1,4,3,1,4,5,5,5,5,5,5,5,5,5,5,5,5,5,5,5,2.6,5,5,5
"412","uncertain",3,"Chemical engineering, Biomedical engineering, Accounting, Chemistry, Pharmacist, teacher","","Elementary ed, and Nursing","Nursing/computer science/child psychology/human resource","Asian/Hmong",1,18,1,1,4,2,2,2,3,NA,NA,NA,NA,NA,5,5,5,5,5,3,3,4,4,4,2.6,3.68,5,3.6
"413","redirect",3,"Business Management","I am thinking about Business and Marketing Education","Nursing","","Hmong",1,18,1,1,3,2,4,3,3,5,2,2,3,4,5,3,4,3,5,NA,NA,NA,NA,NA,3,3.2,4,3.28
"423","certain",3,"Mathematics","","math BS","math & stat","Asian",0,18,0,5,5,5,5,5,5,NA,NA,NA,NA,NA,2,2,5,5,5,2,3,5,4,5,5,4.44,3.8,3.8
"426","certain",3,"Fisheries and Wildlife conservation biology (CFANS)","Fisheries and Wildlife major","Fisheries and Wildlife","","Japanese",0,22,0,2,4,2,5,2,4,4,1,4,5,4,4,1,5,1,4,NA,NA,NA,NA,NA,3.4,3.6,3,3.72
"440","solidification",4,"Business marketing/management, sociology, and music minor","International Business and Non-profit management","International Business, Non-profit Management","Marketing and Human Resources Industrial Relations","Laotian",1,18,1,2,4,4,3,3,4,5,5,4,2,5,5,5,5,2,5,5,5,5,3,5,3.6,4.2,4.4,4.6
"265","certain",3,"French and Spanish","","French and Italian, Spanish and Portuguese, German","French and Italian","American",1,18,1,2,3,4,1,4,5,NA,NA,NA,NA,NA,4,4,2,5,5,2,4,1,2,2,3.4,3.36,4,2.2
"269","certain",3,"Chemical Engineering as pre-med","","Microbiology. Minor- Public Health and Pharmacology","MicB","Indian- Asian",0,18,1,4,4,5,5,2,4,NA,NA,NA,NA,NA,5,5,5,5,5,5,5,5,5,5,4,4.6,5,5
"292","discovery",4,"I have no idea quite honestly.","food science","food science, b.s.","food science","Zoe (Haitian term), Multicultural",0,17,1,3,3,3,2,2,4,4,4,4,4,4,3,3,5,3,4,3,2,4,3,4,2.8,4,3.6,3.2
"298","discovery",4,"undecided my major.
I'm thinking of majoring in Nursing, or pharmacy","Human Resources and Development, Business and Marketing Education, Nursing, Public health","Biology society and Environment","Biology, Society, and Environmennt","Korean",0,18,0,4,4,4,5,2,4,4,4,5,4,4,4,4,5,4,4,4,4,5,3,4,3.8,4.2,4.2,4
"317","solidification",4,"Chemical Engineering","Chemical Engineering/Chemistry.","Chemical Engineering","Chemical Engineering","Human",1,18,0,5,2,4,4,2,2,3,3,3,3,3,1,4,4,1,2,2,2,3,2,2,2.8,3,2.4,2.2
"322","solidification",4,"Biology","Biology","Biology","Biology","Ethiopian",0,18,0,3,4,5,5,3,4,4,4,4,2,4,2,4,4,2,2,3,4,5,2,3,4.2,3.6,2.8,3.4
"347","certain",4,"Pre-Med: Biomedical Engineering
and maybe a minor in Youth studies.","Kinesiology with a Minor in Youth Studies","Kinesiology (Pre-Med)","Kinesiology, Pre-Medicine","Jamaican American",1,18,1,2,4,4,5,3,5,5,4,5,2,5,3,4,4,3,5,4,4,5,5,5,4.2,4.2,3.8,4.6
"350","uncertain",3,"Accounting
Mathematics
Economics","accounting 
economics
music
mathematics","accounting, music","","Mexican American",0,18,1,1,4,4,3,4,1,5,5,5,5,1,5,4,3,4,4,NA,NA,NA,NA,NA,3.2,4.2,4,3.64
"375","certain",4,"Biochemistry","Biochemistry","Biochemistry","Biochemistry and Neuroscience","Indian",1,18,0,4,4,4,5,3,4,4,4,4,4,4,4,4,4,4,4,4,3,5,1,4,4,4,4,3.4
"410","certain",3,"Psychology, Family Social Science","","Psychology and Family Social Science","Pyshology, Family Social Science","Asian American",0,18,1,4,4,3,4,3,4,NA,NA,NA,NA,NA,4,3,4,3,4,3,4,4,3,4,3.6,3.68,3.6,3.6
"441","redirect",4,"Chemist, Computer science","Computer Science, Biology","Computer Science","computer science, IT","Chinese",1,18,0,3,4,4,2,4,3,3,3,3,3,3,3,3,3,3,3,4,4,4,3,3,3.4,3,3,3.6
"445","certain",3,"Mechanical Engineering","","Mechanical Engineering","Mechanical Engineering","Black.",1,18,0,5,4,4,5,3,4,NA,NA,NA,NA,NA,5,4,3,2,4,4,4,3,2,4,4,3.64,3.6,3.4
"272","certain",4,"Psychology and Philosophy.","Psychology","Psychology","Psychology","None, See Above.",1,26,1,3,4,2,3,3,4,4,4,3,1,3,2,3,2,1,2,2,5,4,2,3,3.2,3,2,3.2
"299","solidification",4,"Biology","I am considering biology, society and the environment (BSE major)","Considering Biology, Society & the Environment","Biology, Society & Environment (BSE)","Asian American",0,18,0,3,4,4,4,3,4,4,4,4,4,4,4,4,5,4,4,2,4,4,2,4,3.8,4,4.2,3.2
"323","uncertain",3,"Business, Nursing, IT, Web Designing, still very undecided and exploring...","","Communications Major with Design Minor","Retail Merchandising, Nursing, Business, Communications-Advertising","Asian",0,18,1,2,4,3,5,4,5,NA,NA,NA,NA,NA,4,3,4,3,4,4,4,4,3,3,4.2,3.88,3.6,3.6
"360","redirect",3,"chemical engineering","","Material Science","Material Science","Vietnamese",0,18,0,2,4,4,4,3,4,NA,NA,NA,NA,NA,4,3,4,4,3,4,4,4,3,4,3.8,3.52,3.6,3.8
"387","discovery",3,"biochemistry, chemistry, medicine","Biochemistry
Microbiology
Biology
B.S.E
Genetics","","Biology","Asian",0,18,1,3,5,3,3,3,4,4,3,2,2,4,NA,NA,NA,NA,NA,4,4,3,3,4,3.6,3,3.12,3.6
